Timestamp,ImagePath,ShadowR,ShadowG,ShadowB,Specular,RimLightWidth,WidthScale
20260418_163137,""D:\unreal\MooaToon-Engine-5.5_MooaToonProject\MooaToon-Engine-5.5_MooaToonProject\testcv\images\0fe4c88ab1619449935bcc5709608b63.jpeg"",0.720228,0.718598,0.721857,0.738151,1.000000,1.648811
20260418_163441,""D:\unreal\MooaToon-Engine-5.5_MooaToonProject\MooaToon-Engine-5.5_MooaToonProject\testcv\images\09bebe5726d05a84764dce620b8c9594_720.jpg"",0.782145,0.782145,0.785403,1.000000,0.589876,1.738427
20260418_163618,""D:\unreal\MooaToon-Engine-5.5_MooaToonProject\MooaToon-Engine-5.5_MooaToonProject\testcv\images\9ac8e39252d462662fb25b6abbf4d553_720.jpg"",0.334061,0.425307,0.655052,1.000000,1.000000,1.107036
20260418_163719,""D:\unreal\MooaToon-Engine-5.5_MooaToonProject\MooaToon-Engine-5.5_MooaToonProject\testcv\images\e9b1d067a4e20f122b567bb5e351abd0_720.jpg"",0.558917,0.425307,0.655052,0.506777,0.172750,2.695698
20260418_163822,""D:\unreal\MooaToon-Engine-5.5_MooaToonProject\MooaToon-Engine-5.5_MooaToonProject\testcv\images\d4fac61098a607c828e0c08b1c8342c7.jpg"",0.294955,0.260738,0.281920,0.000000,0.428565,1.033713
20260418_163933,""D:\unreal\MooaToon-Engine-5.5_MooaToonProject\MooaToon-Engine-5.5_MooaToonProject\testcv\images\10331613a66ef9681f76f3b6aab0c6ec_720.jpg"",0.834285,0.519812,0.532847,0.977672,0.203709,1.616223
20260418_164037,""D:\unreal\MooaToon-Engine-5.5_MooaToonProject\MooaToon-Engine-5.5_MooaToonProject\testcv\images\c36b7f3334cf94e3b92b6da936d14864.jpeg"",0.725116,0.726745,0.813103,0.822880,0.151568,2.312789
20260418_164125,""D:\unreal\MooaToon-Engine-5.5_MooaToonProject\MooaToon-Engine-5.5_MooaToonProject\testcv\images\685986e8415007a4e617ee4f347c84b4.jpg"",0.558917,0.545882,0.542623,0.878279,0.270514,1.856558
20260418_164224,""D:\unreal\MooaToon-Engine-5.5_MooaToonProject\MooaToon-Engine-5.5_MooaToonProject\testcv\images\5702240f9a5df2a2284c37077c5664b3.jpeg"",0.754445,0.749557,0.747927,1.000000,0.272143,0.927802
20260419_161321,""D:\unreal\MooaToon-Engine-5.5_MooaToonProject\MooaToon-Engine-5.5_MooaToonProject\testcv\images\642b5b349a5182a0f02bb1d41d0a2ca3.png"",1.000000,1.000000,1.000000,0.838085,0.099095,2.237899
20260419_161419,""D:\unreal\MooaToon-Engine-5.5_MooaToonProject\MooaToon-Engine-5.5_MooaToonProject\testcv\images\d56ef3ffa32484f546208465a67bbf10_720.png"",0.917669,0.911172,0.920917,0.016264,0.021136,1.543574
20260419_161515,""D:\unreal\MooaToon-Engine-5.5_MooaToonProject\MooaToon-Engine-5.5_MooaToonProject\testcv\images\a929fe33ef0582f07ff14afdad10a25d_720.png"",0.449913,0.454785,0.605831,0.929038,0.310235,1.494849
20260419_161812,""D:\unreal\MooaToon-Engine-5.5_MooaToonProject\MooaToon-Engine-5.5_MooaToonProject\testcv\images\3ac3efb8f4f29a4c6afe1854c2e1bad9_720.jpg"",0.467778,0.412557,0.287497,0.929038,0.833213,1.161898
20260419_161951,""D:\unreal\MooaToon-Engine-5.5_MooaToonProject\MooaToon-Engine-5.5_MooaToonProject\testcv\images\9f7fdcef4ad3121efac1c7783d785c4b_720.jpg"",0.747132,0.636690,0.599335,0.622073,0.859199,1.486728
20260419_162040,""D:\unreal\MooaToon-Engine-5.5_MooaToonProject\MooaToon-Engine-5.5_MooaToonProject\testcv\images\2ec1db51fb8802423007851021357768_720.jpg"",0.665925,0.407685,0.422302,0.345967,0.506758,1.401460
20260419_162128,""D:\unreal\MooaToon-Engine-5.5_MooaToonProject\MooaToon-Engine-5.5_MooaToonProject\testcv\images\1cc04282d09f4f285deb97c1749cfee4_720.jpg"",0.347591,0.407685,0.570100,0.805602,0.613952,0.816765
20260419_162257,""D:\unreal\MooaToon-Engine-5.5_MooaToonProject\MooaToon-Engine-5.5_MooaToonProject\testcv\images\9ebbdf9fe7b2d1b347b1ba1271726a32_720.jpg"",0.613952,0.722770,0.708153,0.929038,0.777992,2.059243
20260419_162351,""D:\unreal\MooaToon-Engine-5.5_MooaToonProject\MooaToon-Engine-5.5_MooaToonProject\testcv\images\2f5b3b8c2be647688e1369406e15b6ff_720.jpg"",0.578221,0.722770,0.573348,0.929038,0.646435,0.999482
20260419_162722,""D:\unreal\MooaToon-Engine-5.5_MooaToonProject\MooaToon-Engine-5.5_MooaToonProject\testcv\images\23068672384c864cb91c08abb473b6dc_720.jpg"",0.862448,0.937159,0.929038,0.784488,0.466154,2.181054
20260420_210016,""D:\unreal\MooaToon-Engine-5.5_MooaToonProject\MooaToon-Engine-5.5_MooaToonProject\testcv\images\b31c2c7ddc0788b477dbdedab22cd152.jpg"",0.595830,0.576558,0.618315,0.157375,0.796589,2.515563
20260420_210055,""D:\unreal\MooaToon-Engine-5.5_MooaToonProject\MooaToon-Engine-5.5_MooaToonProject\testcv\images\418186854d8f6e81c11ef0453468c311.jpg"",0.786952,0.576558,0.618315,0.507497,0.944347,3.000000
20260420_210154,""D:\unreal\MooaToon-Engine-5.5_MooaToonProject\MooaToon-Engine-5.5_MooaToonProject\testcv\images\d2459651413a55f15469e7fb75f9e402.jpg"",0.831922,0.860831,0.892953,0.661679,0.422375,2.182304
20260420_210233,""D:\unreal\MooaToon-Engine-5.5_MooaToonProject\MooaToon-Engine-5.5_MooaToonProject\testcv\images\ecfd68246140e699605d78e489c8a5f9_720.jpg"",1.000000,1.000000,1.000000,0.346890,0.741982,1.937379
20260420_210419,""D:\unreal\MooaToon-Engine-5.5_MooaToonProject\MooaToon-Engine-5.5_MooaToonProject\testcv\images\31033f646fe32d526af72fc80fd98ba7.jpg"",0.672922,0.480194,0.616709,0.036920,0.552467,1.475635
20260420_210500,""D:\unreal\MooaToon-Engine-5.5_MooaToonProject\MooaToon-Engine-5.5_MooaToonProject\testcv\images\31033f646fe32d526af72fc80fd98ba7.jpg"",0.597436,0.520345,0.465739,0.391860,0.653649,1.174498
20260420_210537,""D:\unreal\MooaToon-Engine-5.5_MooaToonProject\MooaToon-Engine-5.5_MooaToonProject\testcv\images\05714bec93877f2f2f62f2c226f5774e.jpg"",0.597436,0.541224,0.326011,0.011223,0.028889,1.636242
20260420_210614,""D:\unreal\MooaToon-Engine-5.5_MooaToonProject\MooaToon-Engine-5.5_MooaToonProject\testcv\images\4e370baa931d1332753aa7e95762f9ce_720.png"",0.565315,0.584588,0.464133,0.820679,0.602255,1.331089
20260420_210747,""D:\unreal\MooaToon-Engine-5.5_MooaToonProject\MooaToon-Engine-5.5_MooaToonProject\testcv\images\50bed9e4465e9265eba5ac9358c6300a.jpeg"",0.133284,0.138102,0.211981,0.038526,0.030495,1.704499
20260420_210830,""D:\unreal\MooaToon-Engine-5.5_MooaToonProject\MooaToon-Engine-5.5_MooaToonProject\testcv\images\985e4f3399bd43a21940412022b53060.jpg"",0.155769,0.183072,0.226435,0.364557,0.456103,1.025937
20260420_210915,""D:\unreal\MooaToon-Engine-5.5_MooaToonProject\MooaToon-Engine-5.5_MooaToonProject\testcv\images\895386408cd2f49edd5d5f3ced937ba8.jpg"",0.309951,0.329224,0.353315,0.432012,0.881710,1.250786
20260420_210944,""D:\unreal\MooaToon-Engine-5.5_MooaToonProject\MooaToon-Engine-5.5_MooaToonProject\testcv\images\bf9f77420e6895f464706fe086104846.jpg"",0.494648,0.485012,0.493042,0.284254,0.207163,1.367226
20260420_211007,""D:\unreal\MooaToon-Engine-5.5_MooaToonProject\MooaToon-Engine-5.5_MooaToonProject\testcv\images\ef403d6a4ba70b6fd08475b965ce756e.jpg"",0.494648,0.650437,0.493042,0.059405,0.065829,1.648287
20260420_211140,""D:\unreal\MooaToon-Engine-5.5_MooaToonProject\MooaToon-Engine-5.5_MooaToonProject\testcv\images\e504073a355b053b12e48be2496dcf0d.jpg"",0.793377,0.698619,0.480194,0.030495,0.040132,1.278892
20260420_211241,""D:\unreal\MooaToon-Engine-5.5_MooaToonProject\MooaToon-Engine-5.5_MooaToonProject\testcv\images\0daee1fdf6e2c219b8f1d8bd22e4e3b4.png"",0.928286,0.931498,0.923468,0.024071,0.020859,2.632002
20260420_211752,""D:\unreal\MooaToon-Engine-5.5_MooaToonProject\MooaToon-Engine-5.5_MooaToonProject\testcv\images\6680a6e48979bc7b4121b9b621fec6ca.jpg"",0.383830,0.377406,0.391860,0.356527,0.570133,1.082149
20260420_211828,""D:\unreal\MooaToon-Engine-5.5_MooaToonProject\MooaToon-Engine-5.5_MooaToonProject\testcv\images\0aba9a44de676e5a3c255e39ac5639f2_720.jpg"",0.716285,0.534800,0.555679,0.566921,0.234466,0.708739
20260420_211917,""D:\unreal\MooaToon-Engine-5.5_MooaToonProject\MooaToon-Engine-5.5_MooaToonProject\testcv\images\15e582d3af21fcbcccfff186ecd0519f_720.jpg"",0.693800,0.476981,0.486618,0.664891,0.211981,1.881167
20260420_211948,""D:\unreal\MooaToon-Engine-5.5_MooaToonProject\MooaToon-Engine-5.5_MooaToonProject\testcv\images\62aadfb99ade948a19bd1f65537307d7_720.jpg"",0.473769,0.476981,0.851195,0.664891,0.197526,1.764727
20260420_212106,""D:\unreal\MooaToon-Engine-5.5_MooaToonProject\MooaToon-Engine-5.5_MooaToonProject\testcv\images\aaac9df56eca69a28d68df3b38edb776.jpg"",0.473769,0.338860,0.305133,0.433618,0.623133,1.411392
20260420_212150,""D:\unreal\MooaToon-Engine-5.5_MooaToonProject\MooaToon-Engine-5.5_MooaToonProject\testcv\images\e22739a40505ed587a47d64f5ec6b967.jpg"",0.558891,0.415951,0.415951,0.232860,0.078677,0.973740
20260420_212151,""D:\unreal\MooaToon-Engine-5.5_MooaToonProject\MooaToon-Engine-5.5_MooaToonProject\testcv\images\e22739a40505ed587a47d64f5ec6b967.jpg"",0.558891,0.415951,0.415951,0.232860,0.078677,0.973740
20260420_212237,""D:\unreal\MooaToon-Engine-5.5_MooaToonProject\MooaToon-Engine-5.5_MooaToonProject\testcv\images\5c82e6140d85aba9bd2b6675a28f4237.jpg"",0.231254,0.295496,0.200738,0.229648,0.528376,1.186543
20260420_212302,""D:\unreal\MooaToon-Engine-5.5_MooaToonProject\MooaToon-Engine-5.5_MooaToonProject\testcv\images\3cfd7f7d54c48a1743af8694fb7857e6.jpg"",0.966831,0.960407,0.981286,0.229648,0.088314,0.909497
20260420_212313,""D:\unreal\MooaToon-Engine-5.5_MooaToonProject\MooaToon-Engine-5.5_MooaToonProject\testcv\images\3cfd7f7d54c48a1743af8694fb7857e6.jpg"",0.966831,0.960407,0.981286,0.229648,0.088314,0.909497
20260420_212325,""D:\unreal\MooaToon-Engine-5.5_MooaToonProject\MooaToon-Engine-5.5_MooaToonProject\testcv\images\0d848a173b34efe76bade5290638833c.jpg"",0.987710,0.976468,0.971650,0.057799,0.054586,0.993816
20260420_212354,""D:\unreal\MooaToon-Engine-5.5_MooaToonProject\MooaToon-Engine-5.5_MooaToonProject\testcv\images\fd5e837fad2d74c111e6be91b7d6b32a_720.jpg"",1.000000,0.878498,0.892953,0.499467,0.054586,1.142377
20260420_212432,""D:\unreal\MooaToon-Engine-5.5_MooaToonProject\MooaToon-Engine-5.5_MooaToonProject\testcv\images\e9352e564bc4a3a9387a02b0ea107ae8_720.jpg"",1.000000,0.841558,0.851195,0.044950,0.036920,2.640033
20260420_212512,""D:\unreal\MooaToon-Engine-5.5_MooaToonProject\MooaToon-Engine-5.5_MooaToonProject\testcv\images\6568392f20977b72694a15fb2a45d29e.jpg"",0.639194,0.627952,0.632770,0.022465,0.022465,1.306998
20260420_212539,""D:\unreal\MooaToon-Engine-5.5_MooaToonProject\MooaToon-Engine-5.5_MooaToonProject\testcv\images\c591097fa599286d24b39336fa854874.jpg"",0.796589,0.846377,0.854407,0.650437,0.536406,1.001846
20260420_212624,""D:\unreal\MooaToon-Engine-5.5_MooaToonProject\MooaToon-Engine-5.5_MooaToonProject\testcv\images\ff4853cf423e597059821bcd670f5edb_720.jpg"",0.949165,0.941135,0.942740,0.650437,0.743588,1.294953
20260421_232448,""D:\unreal\MooaToon-Engine-5.5_MooaToonProject\MooaToon-Engine-5.5_MooaToonProject\testcv\images\d55857002b0466ba2ee2939c528b2640.jpeg"",0.621145,0.387403,0.371394,0.680381,0.017579,1.440491
20260421_232518,""D:\unreal\MooaToon-Engine-5.5_MooaToonProject\MooaToon-Engine-5.5_MooaToonProject\testcv\images\92275d86cf60cde19df4cfd6bb0d7cf8.jpeg"",0.678780,0.408216,0.387403,0.680381,0.017579,1.404470
20260421_232525,""D:\unreal\MooaToon-Engine-5.5_MooaToonProject\MooaToon-Engine-5.5_MooaToonProject\testcv\images\92275d86cf60cde19df4cfd6bb0d7cf8.jpeg"",0.678780,0.408216,0.387403,0.680381,0.017579,1.404470
20260421_232606,""D:\unreal\MooaToon-Engine-5.5_MooaToonProject\MooaToon-Engine-5.5_MooaToonProject\testcv\images\cdf00a02e491cb7c881cf091b7babca1.jpeg"",0.678780,0.494668,0.387403,0.185681,0.723607,1.776695
20260421_234049,""D:\unreal\MooaToon-Engine-5.5_MooaToonProject\MooaToon-Engine-5.5_MooaToonProject\testcv\images\16802dfe2fd7cbb75b20ce96c195cc4f.jpeg"",0.678780,0.352182,0.347379,0.499471,0.179277,1.348436
20260421_234123,""D:\unreal\MooaToon-Engine-5.5_MooaToonProject\MooaToon-Engine-5.5_MooaToonProject\testcv\images\58ea36d23903a4cf25596d923101e08a.jpeg"",0.467452,0.443437,0.430630,0.294547,0.810059,1.472511
20260421_234300,""D:\unreal\MooaToon-Engine-5.5_MooaToonProject\MooaToon-Engine-5.5_MooaToonProject\testcv\images\2d1e383e93d93443bca56c0f0b0d43cc.jpeg"",0.395408,0.384201,0.380999,0.286542,0.169671,1.544554
20260421_234331,""D:\unreal\MooaToon-Engine-5.5_MooaToonProject\MooaToon-Engine-5.5_MooaToonProject\testcv\images\3c7c52f8848f88c2c768ccbf226c91eb.jpeg"",0.326566,0.316961,0.307355,0.064007,0.080017,1.084275
20260421_234401,""D:\unreal\MooaToon-Engine-5.5_MooaToonProject\MooaToon-Engine-5.5_MooaToonProject\testcv\images\903fbce54a3f926c53ab5fc4faf76122.jpeg"",0.075214,0.088022,0.096027,0.044796,0.033589,1.308411
20260421_234425,""D:\unreal\MooaToon-Engine-5.5_MooaToonProject\MooaToon-Engine-5.5_MooaToonProject\testcv\images\4002c487554968511f9bffef51dd7a0d.jpeg"",0.225705,0.187282,0.169671,0.051200,0.083219,1.052256
20260421_234447,""D:\unreal\MooaToon-Engine-5.5_MooaToonProject\MooaToon-Engine-5.5_MooaToonProject\testcv\images\b13688268210a54560895b5fc23974a1.jpeg"",0.262528,0.236912,0.230508,0.047998,0.031988,0.912171
20260421_234523,""D:\unreal\MooaToon-Engine-5.5_MooaToonProject\MooaToon-Engine-5.5_MooaToonProject\testcv\images\e58196b9acb9a01b280ef83b6ed4bf8e.jpeg"",0.240114,0.240114,0.243316,0.047998,0.067209,1.360443
20260425_133359,""D:\unreal\MooaToon-Engine-5.5_MooaToonProject\MooaToon-Engine-5.5_MooaToonProject\testcv\images\c18261477df8f3656fbc14291c944f1a.jpeg"",0.537308,0.277582,0.279092,0.040507,0.375734,0.910823
20260425_133516,""D:\unreal\MooaToon-Engine-5.5_MooaToonProject\MooaToon-Engine-5.5_MooaToonProject\testcv\images\2c4afe57783ebee23afae26586bcd245.png"",0.356104,0.232281,0.236811,0.389324,0.297212,1.246806
20260425_133645,""D:\unreal\MooaToon-Engine-5.5_MooaToonProject\MooaToon-Engine-5.5_MooaToonProject\testcv\images\de1e358a9f88d47d065cd1963973a556.png"",0.572039,0.374224,0.375734,0.404425,0.427075,1.243031
20260425_133727,""D:\unreal\MooaToon-Engine-5.5_MooaToonProject\MooaToon-Engine-5.5_MooaToonProject\testcv\images\ae33175f7493b1b9400d3218ca72a375.jpeg"",0.572039,0.291172,0.295702,0.273052,0.333453,1.756443
20260425_133900,""D:\unreal\MooaToon-Engine-5.5_MooaToonProject\MooaToon-Engine-5.5_MooaToonProject\testcv\images\3f7903dcb53f9b7b7d2fe60bd7709391.jpeg"",0.741162,0.750223,0.466336,0.117518,0.120538,1.363834
20260425_133943,""D:\unreal\MooaToon-Engine-5.5_MooaToonProject\MooaToon-Engine-5.5_MooaToonProject\testcv\images\99e079e5bd822355e767383bfda1db13.jpeg"",0.387814,0.469356,0.828744,0.117518,0.120538,1.363834
20260425_134045,""D:\unreal\MooaToon-Engine-5.5_MooaToonProject\MooaToon-Engine-5.5_MooaToonProject\testcv\images\1f9c39d89bddc7769d61dfe4a6d0b12e.jpeg"",0.505597,0.312313,0.310803,0.381774,0.413485,0.978775
20260425_134140,""D:\unreal\MooaToon-Engine-5.5_MooaToonProject\MooaToon-Engine-5.5_MooaToonProject\testcv\images\e5561ee1ede9471552889ff6084b2e6c.jpeg"",0.520697,0.312313,0.511637,0.427075,0.602239,0.978775
20260425_134258,""D:\unreal\MooaToon-Engine-5.5_MooaToonProject\MooaToon-Engine-5.5_MooaToonProject\testcv\images\5ba4ff97468b48c63437abfec78e4979.jpeg"",0.461806,0.593179,0.390835,0.209630,0.218691,1.095803
20260425_134356,""D:\unreal\MooaToon-Engine-5.5_MooaToonProject\MooaToon-Engine-5.5_MooaToonProject\testcv\images\403aea3aa7cb6e26a7af57028da0426c.jpeg"",0.461806,0.316843,0.328923,0.366674,0.094868,1.261906
20260425_134501,""D:\unreal\MooaToon-Engine-5.5_MooaToonProject\MooaToon-Engine-5.5_MooaToonProject\testcv\images\7a772f5fdea030ab8441e451072fb248.jpeg"",0.458786,0.271542,0.270032,0.449726,0.094868,1.141104
20260425_134549,""D:\unreal\MooaToon-Engine-5.5_MooaToonProject\MooaToon-Engine-5.5_MooaToonProject\testcv\images\97f9f912ba9b38eddca54389f0d4b8b4.jpeg"",0.458786,0.271542,0.270032,0.449726,0.094868,1.088252
20260425_134616,""D:\unreal\MooaToon-Engine-5.5_MooaToonProject\MooaToon-Engine-5.5_MooaToonProject\testcv\images\d32f559c97ba31e9636112e0aa2d77b1.jpeg"",0.458786,0.271542,0.270032,0.449726,0.094868,1.088252
20260425_134801,""D:\unreal\MooaToon-Engine-5.5_MooaToonProject\MooaToon-Engine-5.5_MooaToonProject\testcv\images\e682ad6bc4249660a01ebbb1b82e62d4.jpeg"",0.498047,0.499557,0.505597,0.709452,0.048057,1.631865
20260425_134824,""D:\unreal\MooaToon-Engine-5.5_MooaToonProject\MooaToon-Engine-5.5_MooaToonProject\testcv\images\0b85b7f6f8e9c8325f77d8596aad0356.jpeg"",0.185470,0.194530,0.188490,0.709452,0.048057,1.631865
20260425_135000,""D:\unreal\MooaToon-Engine-5.5_MooaToonProject\MooaToon-Engine-5.5_MooaToonProject\testcv\images\fe487ce60058af30d6155766e4968b83.jpeg"",0.484457,0.499557,0.507107,0.028426,0.048057,2.873868
20260425_135158,""D:\unreal\MooaToon-Engine-5.5_MooaToonProject\MooaToon-Engine-5.5_MooaToonProject\testcv\images\d85ae7f0fa08ad89fd26fa719db28f68.jpeg"",0.472376,0.405935,0.398385,0.695861,0.707942,1.178854
20260425_135250,""D:\unreal\MooaToon-Engine-5.5_MooaToonProject\MooaToon-Engine-5.5_MooaToonProject\testcv\images\9d5571f3f8769ee0a72e1c6468569da4.jpeg"",0.449726,0.339493,0.330433,0.398385,0.390834,1.877245
20260425_135732,""D:\unreal\MooaToon-Engine-5.5_MooaToonProject\MooaToon-Engine-5.5_MooaToonProject\testcv\images\cfd4129edcfb9c39fc4fee7900fe0781.jpeg"",0.449726,0.339493,0.330433,0.398385,0.390834,1.677166
20260425_135748,""D:\unreal\MooaToon-Engine-5.5_MooaToonProject\MooaToon-Engine-5.5_MooaToonProject\testcv\images\8f5858c298487e1512fd25b8ed1b9182.jpeg"",0.449726,0.339493,0.330433,0.398385,0.390834,1.677166
20260425_135805,""D:\unreal\MooaToon-Engine-5.5_MooaToonProject\MooaToon-Engine-5.5_MooaToonProject\testcv\images\8e19e3dd8f167d36d53d6b5902918c22.jpeg"",0.449726,0.339493,0.330433,0.398385,0.390834,1.677166
20260425_135948,""D:\unreal\MooaToon-Engine-5.5_MooaToonProject\MooaToon-Engine-5.5_MooaToonProject\testcv\images\77f58ae6c0843c1bd75890cdd276a80c.jpeg"",0.556938,0.399895,0.422545,0.424055,0.217180,2.541660
20260425_140057,""D:\unreal\MooaToon-Engine-5.5_MooaToonProject\MooaToon-Engine-5.5_MooaToonProject\testcv\images\604ded34e429ced0e945fe8bb744d480.jpeg"",0.543348,0.546368,0.458786,0.285132,0.467846,1.450661
20260425_140155,""D:\unreal\MooaToon-Engine-5.5_MooaToonProject\MooaToon-Engine-5.5_MooaToonProject\testcv\images\3e89788569091a2a4be5f87dcc994029.jpeg"",0.698882,0.564489,0.487477,0.061647,0.054097,0.959899
20260425_142151,""D:\unreal\MooaToon-Engine-5.5_MooaToonProject\MooaToon-Engine-5.5_MooaToonProject\testcv\images\a06028d5ca4da0e11fb56025a5b98282.jpeg"",0.380264,0.380264,0.487477,0.109968,0.159799,1.167529
20260425_142322,""D:\unreal\MooaToon-Engine-5.5_MooaToonProject\MooaToon-Engine-5.5_MooaToonProject\testcv\images\a380ebf1099198a07995ba20cfa3d5d4.jpeg"",0.446706,0.319863,0.377244,0.461806,0.561468,1.292107
20260425_142349,""D:\unreal\MooaToon-Engine-5.5_MooaToonProject\MooaToon-Engine-5.5_MooaToonProject\testcv\images\0ece17533ab306e7e372d25095949383.jpeg"",0.414995,0.485967,0.377244,0.461806,0.561468,1.292107
20260425_142420,""D:\unreal\MooaToon-Engine-5.5_MooaToonProject\MooaToon-Engine-5.5_MooaToonProject\testcv\images\76c0a7e83c1e66ce48d4575554cec126.jpeg"",0.898206,0.890656,0.896696,0.461806,0.561468,1.292107
20260425_142539,""D:\unreal\MooaToon-Engine-5.5_MooaToonProject\MooaToon-Engine-5.5_MooaToonProject\testcv\images\7e42b4fcf589930fb1a51bd9b1913e3b.jpeg"",0.836295,0.849885,0.836295,0.069197,0.058627,1.454436
20260425_142612,""D:\unreal\MooaToon-Engine-5.5_MooaToonProject\MooaToon-Engine-5.5_MooaToonProject\testcv\images\6d0dde31f4b37ba232243dea7589938e.jpeg"",0.836295,0.849885,0.836295,0.141679,0.034466,1.722466
20260425_142700,""D:\unreal\MooaToon-Engine-5.5_MooaToonProject\MooaToon-Engine-5.5_MooaToonProject\testcv\images\207bafa6238711abe51c8388c88c9e8e.jpeg"",0.653580,0.635460,0.359124,0.390834,0.588649,1.273231
20260425_142749,""D:\unreal\MooaToon-Engine-5.5_MooaToonProject\MooaToon-Engine-5.5_MooaToonProject\testcv\images\5fa1aad82ff549408302f9233070e0cf.jpeg"",0.653580,0.405935,0.359124,0.499557,0.624890,1.443110
20260425_142837,""D:\unreal\MooaToon-Engine-5.5_MooaToonProject\MooaToon-Engine-5.5_MooaToonProject\testcv\images\1685b4bb77521208115f3ef9b422aafd.jpeg"",0.531268,0.448216,0.256441,0.341003,0.958607,1.820619
20260425_142904,""D:\unreal\MooaToon-Engine-5.5_MooaToonProject\MooaToon-Engine-5.5_MooaToonProject\testcv\images\4e621b00f9a6287f4f40c1e58f2c87fd.jpeg"",0.848375,0.852905,0.854415,0.093358,0.058627,2.145276
20260425_142956,""D:\unreal\MooaToon-Engine-5.5_MooaToonProject\MooaToon-Engine-5.5_MooaToonProject\testcv\images\d598d2fef57c87288cf157d345ed1038.jpeg"",0.629420,0.593179,0.443686,0.140169,0.200570,1.548813
20260425_143026,""D:\unreal\MooaToon-Engine-5.5_MooaToonProject\MooaToon-Engine-5.5_MooaToonProject\testcv\images\2e16e32b6b72c9eeac36860763487ad6.jpeg"",0.629420,0.593179,0.443686,0.541838,0.200570,1.545038
20260425_143102,""D:\unreal\MooaToon-Engine-5.5_MooaToonProject\MooaToon-Engine-5.5_MooaToonProject\testcv\images\bed572ba3bd59b09601238841a8d70fe.jpeg"",0.393854,0.359124,0.270032,0.042016,0.043526,1.175079
20260425_143148,""D:\unreal\MooaToon-Engine-5.5_MooaToonProject\MooaToon-Engine-5.5_MooaToonProject\testcv\images\dd01fcccc52529b184c4f0736d083994.jpeg"",0.353083,0.365164,0.259461,0.138659,0.638480,1.175079
20260428_201737,""D:\unreal\MooaToon-Engine-5.5_MooaToonProject\MooaToon-Engine-5.5_MooaToonProject\testcv\images\de442557-eca0-4bd5-9b16-56d93732cb29.png"",0.473963,0.455897,0.317389,0.073495,0.044891,0.762778
20260428_201851,""D:\unreal\MooaToon-Engine-5.5_MooaToonProject\MooaToon-Engine-5.5_MooaToonProject\testcv\images\c74dbbf65dcd1c0f8e2cc15b30f77bf5.jpeg"",0.457402,0.330939,0.248135,0.427292,0.234586,1.169268
20260428_202034,""D:\unreal\MooaToon-Engine-5.5_MooaToonProject\MooaToon-Engine-5.5_MooaToonProject\testcv\images\3a98e839f74732978547ef53de1d5e52.jpg"",0.705813,0.538700,0.445358,0.636559,0.645592,1.120339
20260428_202137,""D:\unreal\MooaToon-Engine-5.5_MooaToonProject\MooaToon-Engine-5.5_MooaToonProject\testcv\images\5eb3d73111d17ad71fc9deab4d466de4.jpeg"",0.729901,0.467941,0.392665,0.677208,0.162321,0.826763
20260428_202429,""D:\unreal\MooaToon-Engine-5.5_MooaToonProject\MooaToon-Engine-5.5_MooaToonProject\testcv\images\0add50c7ecc2a72440fac2e92db255e9.jpeg"",0.537195,0.290290,0.202970,0.157804,0.103606,1.127866
20260428_202515,""D:\unreal\MooaToon-Engine-5.5_MooaToonProject\MooaToon-Engine-5.5_MooaToonProject\testcv\images\82b228aee3a2f14a2a67191f0ed4bc54.jpeg"",0.585371,0.356533,0.230069,0.208992,0.654625,0.728904
20260428_202619,""D:\unreal\MooaToon-Engine-5.5_MooaToonProject\MooaToon-Engine-5.5_MooaToonProject\testcv\images\acb56b7bb57a118a3b92657b3c933b0e.jpeg"",0.336961,0.258674,0.207486,0.261685,0.723879,1.297237
20260428_202706,""D:\unreal\MooaToon-Engine-5.5_MooaToonProject\MooaToon-Engine-5.5_MooaToonProject\testcv\images\0e54e5b45d13d9c1d87faf21a1f09753.jpeg"",0.504073,0.275235,0.234586,0.112639,0.851848,2.008594
20260428_202749,""D:\unreal\MooaToon-Engine-5.5_MooaToonProject\MooaToon-Engine-5.5_MooaToonProject\testcv\images\2bb11f5a862f6dd653ea86110d9b651e.jpeg"",0.504073,0.379115,0.379115,0.147266,0.272224,1.421442
20260428_202843,""D:\unreal\MooaToon-Engine-5.5_MooaToonProject\MooaToon-Engine-5.5_MooaToonProject\testcv\images\dcfd02f890575b060b42a9bf36e47c20.jpeg"",0.382126,0.285773,0.288784,0.233080,0.701296,1.293473
20260428_202851,""D:\unreal\MooaToon-Engine-5.5_MooaToonProject\MooaToon-Engine-5.5_MooaToonProject\testcv\images\dcfd02f890575b060b42a9bf36e47c20.jpeg"",0.382126,0.285773,0.288784,0.233080,0.701296,1.293473
20260428_203009,""D:\unreal\MooaToon-Engine-5.5_MooaToonProject\MooaToon-Engine-5.5_MooaToonProject\testcv\images\4692f9ba70ae96a16400a3d2e9988a64.jpeg"",0.466435,0.237597,0.189420,0.193937,0.785605,1.086464
20260429_171848,""D:\unreal\MooaToon-Engine-5.5_MooaToonProject\MooaToon-Engine-5.5_MooaToonProject\testcv\images\dff2d3cfd96fbde1f2566bfb7d45883a.jpeg"",0.044817,0.034294,0.022268,0.183118,0.121484,0.604527
20260429_172013,""D:\unreal\MooaToon-Engine-5.5_MooaToonProject\MooaToon-Engine-5.5_MooaToonProject\testcv\images\fa87fee74344ee13b7bb82ef36a70b66_720.jpg"",0.417629,0.339459,0.438674,0.297367,0.656648,1.220868
20260429_172236,""D:\unreal\MooaToon-Engine-5.5_MooaToonProject\MooaToon-Engine-5.5_MooaToonProject\testcv\images\2a97e83715199b95b30017761891c546.jpeg"",0.366517,0.312400,0.425145,0.566452,0.662661,0.950280
20260429_173805,""D:\unreal\MooaToon-Engine-5.5_MooaToonProject\MooaToon-Engine-5.5_MooaToonProject\testcv\images\444dee793061947eefabe50f071a49d8.jpeg"",0.468740,0.474753,0.274818,0.312400,0.147040,0.833777
20260429_174049,""D:\unreal\MooaToon-Engine-5.5_MooaToonProject\MooaToon-Engine-5.5_MooaToonProject\testcv\images\43e73bf5319f5cef9d34d7249fbce8f8.png"",0.497302,0.425145,0.274818,0.638609,0.895668,0.694725
20260429_174231,""D:\unreal\MooaToon-Engine-5.5_MooaToonProject\MooaToon-Engine-5.5_MooaToonProject\testcv\images\ee10d8fe2b68fb19554a8375fdc120d1.jpeg"",0.348478,0.247759,0.177106,0.494295,0.452204,0.863842
20260429_174429,""D:\unreal\MooaToon-Engine-5.5_MooaToonProject\MooaToon-Engine-5.5_MooaToonProject\testcv\images\a11186bf83de11a16f90738e50bf4ceb.jpeg"",0.407106,0.470243,0.226714,0.166583,0.082400,0.916457
20260429_174512,""D:\unreal\MooaToon-Engine-5.5_MooaToonProject\MooaToon-Engine-5.5_MooaToonProject\testcv\images\1aae7a48c563c9548ac80c6ea8289cc1.jpeg"",0.931746,0.939263,0.951289,0.037302,0.044818,2.374627
20260501_105318,""D:\unreal\MooaToon-Engine-5.5_MooaToonProject\MooaToon-Engine-5.5_MooaToonProject\testcv\images\a84e80ad4b7330909c3a5d74fc800ff8.jpeg"",0.568160,0.516894,0.385713,0.488245,0.694818,1.155176
20260501_105447,""D:\unreal\MooaToon-Engine-5.5_MooaToonProject\MooaToon-Engine-5.5_MooaToonProject\testcv\images\408e7577c9536a8ca21e31a7ef720124.jpeg"",0.504831,0.390236,0.283180,0.316352,0.699341,1.000624
20260501_110108,""D:\unreal\MooaToon-Engine-5.5_MooaToonProject\MooaToon-Engine-5.5_MooaToonProject\testcv\images\97caf6172df65e33c470c760747bd114.jpeg"",0.504831,0.314845,0.283180,0.133905,0.103748,2.489606
20260501_110155,""D:\unreal\MooaToon-Engine-5.5_MooaToonProject\MooaToon-Engine-5.5_MooaToonProject\testcv\images\d1646a9c5ff90112942799099c599ce1.jpeg"",0.504831,0.314845,0.283180,0.133905,0.103748,2.263432
20260501_110242,""D:\unreal\MooaToon-Engine-5.5_MooaToonProject\MooaToon-Engine-5.5_MooaToonProject\testcv\images\0fa3cf05f18472ecefeefe3b0b76ad38.jpeg"",0.500308,0.248500,0.216836,0.053990,0.076607,2.214427
20260501_110300,""D:\unreal\MooaToon-Engine-5.5_MooaToonProject\MooaToon-Engine-5.5_MooaToonProject\testcv\images\cbcc4dfd148cf6d32f057547e922f8cf.jpeg"",0.500308,0.248500,0.216836,0.053990,0.076607,2.214427
20260501_110313,""D:\unreal\MooaToon-Engine-5.5_MooaToonProject\MooaToon-Engine-5.5_MooaToonProject\testcv\images\ecaf8a76fa38ed7d94e10d8fe62413c8.jpeg"",0.500308,0.248500,0.216836,0.053990,0.076607,2.214427
20260501_110326,""D:\unreal\MooaToon-Engine-5.5_MooaToonProject\MooaToon-Engine-5.5_MooaToonProject\testcv\images\d1a8585bbbf9e53066b8abcf6fdbc99f.jpeg"",0.500308,0.248500,0.216836,0.053990,0.076607,2.214427
20260501_110358,""D:\unreal\MooaToon-Engine-5.5_MooaToonProject\MooaToon-Engine-5.5_MooaToonProject\testcv\images\e217447cfee62045a65825de2a551e22.jpeg"",0.500308,0.248500,0.216836,0.053990,0.076607,2.214427
20260501_110423,""D:\unreal\MooaToon-Engine-5.5_MooaToonProject\MooaToon-Engine-5.5_MooaToonProject\testcv\images\f6d838b6dd64395b8769216752b73a8a.jpeg"",0.500308,0.248500,0.216836,0.053990,0.076607,2.214427
20260501_110432,""D:\unreal\MooaToon-Engine-5.5_MooaToonProject\MooaToon-Engine-5.5_MooaToonProject\testcv\images\ad92f12d1fa54f6e5120609c3db5ad71.jpeg"",0.500308,0.248500,0.216836,0.053990,0.076607,2.214427
20260501_110441,""D:\unreal\MooaToon-Engine-5.5_MooaToonProject\MooaToon-Engine-5.5_MooaToonProject\testcv\images\c2b2ddab2aea936ed6d9f11f5914d0c2.jpeg"",0.500308,0.248500,0.216836,0.053990,0.076607,2.214427
20260501_110450,""D:\unreal\MooaToon-Engine-5.5_MooaToonProject\MooaToon-Engine-5.5_MooaToonProject\testcv\images\6aa8a3fbf373eb7aa760c94a0e6c719a.jpeg"",0.500308,0.248500,0.216836,0.053990,0.076607,2.214427
20260501_110458,""D:\unreal\MooaToon-Engine-5.5_MooaToonProject\MooaToon-Engine-5.5_MooaToonProject\testcv\images\75a3cd01700d8db6e686a9e7ef535d39.jpeg"",0.500308,0.248500,0.216836,0.053990,0.076607,2.214427
20260501_110512,""D:\unreal\MooaToon-Engine-5.5_MooaToonProject\MooaToon-Engine-5.5_MooaToonProject\testcv\images\c3d01a083acfdabed99efd5f995ea61e.jpeg"",0.500308,0.248500,0.216836,0.053990,0.076607,2.214427
20260501_110527,""D:\unreal\MooaToon-Engine-5.5_MooaToonProject\MooaToon-Engine-5.5_MooaToonProject\testcv\images\34b1c3906e9970f6e42c646ffd9e6740.jpeg"",0.500308,0.248500,0.216836,0.053990,0.076607,2.214427
20260501_110536,""D:\unreal\MooaToon-Engine-5.5_MooaToonProject\MooaToon-Engine-5.5_MooaToonProject\testcv\images\da6e9994b522a8b19b0935df66ca7fc7.jpeg"",0.500308,0.248500,0.216836,0.053990,0.076607,2.214427
20260501_110614,""D:\unreal\MooaToon-Engine-5.5_MooaToonProject\MooaToon-Engine-5.5_MooaToonProject\testcv\images\e8b3bd9f3774ff1bad02e283f49ef77d.jpeg"",0.500308,0.248500,0.216836,0.053990,0.076607,2.214427
20260501_110629,""D:\unreal\MooaToon-Engine-5.5_MooaToonProject\MooaToon-Engine-5.5_MooaToonProject\testcv\images\2dae9ec409dce231f030e57cf26fd510.jpeg"",0.500308,0.248500,0.216836,0.053990,0.076607,2.214427
20260501_110638,""D:\unreal\MooaToon-Engine-5.5_MooaToonProject\MooaToon-Engine-5.5_MooaToonProject\testcv\images\f7ead3124dc10efdeb28fdf3cbc111fd.jpeg"",0.500308,0.248500,0.216836,0.053990,0.076607,2.214427
20260501_110648,""D:\unreal\MooaToon-Engine-5.5_MooaToonProject\MooaToon-Engine-5.5_MooaToonProject\testcv\images\ee1ac100f9d44094f7d6f8e6780063d2.jpeg"",0.500308,0.248500,0.216836,0.053990,0.076607,2.214427
20260501_110708,""D:\unreal\MooaToon-Engine-5.5_MooaToonProject\MooaToon-Engine-5.5_MooaToonProject\testcv\images\ee1ac100f9d44094f7d6f8e6780063d2.jpeg"",0.500308,0.248500,0.216836,0.053990,0.076607,2.214427
20260501_110759,""D:\unreal\MooaToon-Engine-5.5_MooaToonProject\MooaToon-Engine-5.5_MooaToonProject\testcv\images\f14f52b3ea2f6385404aa237a52cd17d.jpeg"",0.500308,0.248500,0.216836,0.053990,0.076607,2.214427
20260501_110820,""D:\unreal\MooaToon-Engine-5.5_MooaToonProject\MooaToon-Engine-5.5_MooaToonProject\testcv\images\e89a5248d802181be847c5a3bc04403c.jpeg"",0.500308,0.248500,0.216836,0.053990,0.076607,2.214427
20260501_110830,""D:\unreal\MooaToon-Engine-5.5_MooaToonProject\MooaToon-Engine-5.5_MooaToonProject\testcv\images\8c010205bf02ec02698d11476f56db85.jpeg"",0.500308,0.248500,0.216836,0.053990,0.076607,2.214427
20260501_110839,""D:\unreal\MooaToon-Engine-5.5_MooaToonProject\MooaToon-Engine-5.5_MooaToonProject\testcv\images\afb37fc4756711d1fc51b0120f52848c.jpeg"",0.500308,0.248500,0.216836,0.053990,0.076607,2.214427
20260501_110901,""D:\unreal\MooaToon-Engine-5.5_MooaToonProject\MooaToon-Engine-5.5_MooaToonProject\testcv\images\484979059e841e156c3433468acf789a.jpeg"",0.500308,0.248500,0.216836,0.053990,0.076607,2.214427
20260501_111000,""D:\unreal\MooaToon-Engine-5.5_MooaToonProject\MooaToon-Engine-5.5_MooaToonProject\testcv\images\d4a798e6bf5c7d819d4c4bd2f8e4a995.jpeg"",0.500308,0.248500,0.216836,0.053990,0.076607,2.214427
20260501_111011,""D:\unreal\MooaToon-Engine-5.5_MooaToonProject\MooaToon-Engine-5.5_MooaToonProject\testcv\images\2654719bdbf946d97009e2b1360c3869.jpeg"",0.500308,0.248500,0.216836,0.053990,0.076607,2.214427
20260501_111030,""D:\unreal\MooaToon-Engine-5.5_MooaToonProject\MooaToon-Engine-5.5_MooaToonProject\testcv\images\d21ef8974b33cda941ef6f9ea1149e26.jpeg"",0.500308,0.248500,0.216836,0.053990,0.076607,2.214427
20260504_001721,""D:\unreal\MooaToon-Engine-5.5_MooaToonProject\MooaToon-Engine-5.5_MooaToonProject\testcv\images\0f03d384387e7c329147249234f45c84.jpeg"",0.156936,0.277462,0.415434,0.240987,0.390060,0.995421
20260504_001824,""D:\unreal\MooaToon-Engine-5.5_MooaToonProject\MooaToon-Engine-5.5_MooaToonProject\testcv\images\2a5e6f05d8f753a84e41300455209da8.jpg"",0.510587,0.356756,0.296493,0.234644,0.355170,1.110398
20260504_001902,""D:\unreal\MooaToon-Engine-5.5_MooaToonProject\MooaToon-Engine-5.5_MooaToonProject\testcv\images\2c64051386e136daf41ed511eff793f3.png"",0.310766,0.256846,0.337726,0.445566,0.114117,0.654457
20260504_002002,""D:\unreal\MooaToon-Engine-5.5_MooaToonProject\MooaToon-Engine-5.5_MooaToonProject\testcv\images\2d387ec7a8a46c7aea3fc7721ffbd950.png"",0.502657,0.344069,0.239401,0.250502,0.076056,0.789257
20260504_002043,""D:\unreal\MooaToon-Engine-5.5_MooaToonProject\MooaToon-Engine-5.5_MooaToonProject\testcv\images\3c28d4cd73ecd322ab43f324788d5ff7.jpeg"",0.385302,0.244159,0.293321,0.109359,0.294907,0.836833
20260504_002126,""D:\unreal\MooaToon-Engine-5.5_MooaToonProject\MooaToon-Engine-5.5_MooaToonProject\testcv\images\5b2cb2f531c81aeb2324e3189fa81c9a.jpg"",0.405919,0.269533,0.325039,0.304422,0.198168,0.896304
20260504_002213,""D:\unreal\MooaToon-Engine-5.5_MooaToonProject\MooaToon-Engine-5.5_MooaToonProject\testcv\images\7eb7fce705cb4883ca2e9d98948e00f6.jpeg"",0.283806,0.166451,0.233058,0.077642,0.064955,1.459291
20260504_002302,""D:\unreal\MooaToon-Engine-5.5_MooaToonProject\MooaToon-Engine-5.5_MooaToonProject\testcv\images\8cf19b9419f5a2b16bc74061b4143381.png"",0.528032,0.307594,0.296493,0.136319,0.093500,1.800255
20260504_002350,""D:\unreal\MooaToon-Engine-5.5_MooaToonProject\MooaToon-Engine-5.5_MooaToonProject\testcv\images\9d7a57b449fbb2dd1a67577c321f4f40.jpg"",0.483627,0.228300,0.206098,0.282220,0.321867,1.007315
20260504_002447,""D:\unreal\MooaToon-Engine-5.5_MooaToonProject\MooaToon-Engine-5.5_MooaToonProject\testcv\images\53df161b30940c0a92fd3c58cfcdbdc4.jpeg"",0.463010,0.356756,0.326625,0.393232,0.867410,1.372068
20260504_003129,""D:\unreal\MooaToon-Engine-5.5_MooaToonProject\MooaToon-Engine-5.5_MooaToonProject\testcv\images\79d46da8964c1f04f689f95f132a3c41.jpeg"",0.569264,0.404333,0.326625,0.846793,0.867410,1.372068
20260504_003149,""D:\unreal\MooaToon-Engine-5.5_MooaToonProject\MooaToon-Engine-5.5_MooaToonProject\testcv\images\139c3e638e08aa8cec767ebd2bd8651f.jpeg"",0.569264,0.404333,0.326625,0.846793,0.867410,1.372068
20260504_003243,""D:\unreal\MooaToon-Engine-5.5_MooaToonProject\MooaToon-Engine-5.5_MooaToonProject\testcv\images\3569c18acb6d63864abb96c5389b1c68.jpeg"",0.616841,0.429707,0.436050,0.581951,0.294907,1.990561
20260504_003320,""D:\unreal\MooaToon-Engine-5.5_MooaToonProject\MooaToon-Engine-5.5_MooaToonProject\testcv\images\fc6cfc3a66ed2dd4da283056220ff83a.png"",0.602568,0.426535,0.344069,0.351999,0.596224,1.554444
20260504_003405,""D:\unreal\MooaToon-Engine-5.5_MooaToonProject\MooaToon-Engine-5.5_MooaToonProject\testcv\images\efe978b2e12c97f0f0dc2312057fe6ce.jpeg"",0.642215,0.458253,0.537547,0.532789,0.464596,1.300703
20260504_003449,""D:\unreal\MooaToon-Engine-5.5_MooaToonProject\MooaToon-Engine-5.5_MooaToonProject\testcv\images\068789a82194445c6e69011b5df3ba6b.jpeg"",0.482041,0.247331,0.188653,0.087157,0.824591,1.102468
20260504_003526,""D:\unreal\MooaToon-Engine-5.5_MooaToonProject\MooaToon-Engine-5.5_MooaToonProject\testcv\images\d640045c76c69ab70c90cb7d55430b7e.jpeg"",0.378959,0.242573,0.188653,0.204512,0.634285,0.745645
20260504_003705,""D:\unreal\MooaToon-Engine-5.5_MooaToonProject\MooaToon-Engine-5.5_MooaToonProject\testcv\images\c0b27a070bab9f1ff526cd737c2978f9.jpeg"",0.505829,0.358342,0.293321,0.347241,0.280634,0.935951
20260504_003739,""D:\unreal\MooaToon-Engine-5.5_MooaToonProject\MooaToon-Engine-5.5_MooaToonProject\testcv\images\aaec273956ad1397a4fe4c525dccc61a.jpeg"",0.348827,0.255260,0.209270,0.153764,0.704064,0.594987
20260504_003811,""D:\unreal\MooaToon-Engine-5.5_MooaToonProject\MooaToon-Engine-5.5_MooaToonProject\testcv\images\aa97fa81e2bbbed9ae4720255eff17f7.jpeg"",0.423363,0.304422,0.253674,0.091915,0.699306,1.062821
20260504_003842,""D:\unreal\MooaToon-Engine-5.5_MooaToonProject\MooaToon-Engine-5.5_MooaToonProject\testcv\images\a51a3df0805663eebb7e68266cf8a2c2.jpeg"",0.497900,0.410676,0.458253,0.218785,0.114117,1.031104
20260504_003915,""D:\unreal\MooaToon-Engine-5.5_MooaToonProject\MooaToon-Engine-5.5_MooaToonProject\testcv\images\a4c627dae38b8020a96d662662ee479d.jpeg"",0.440808,0.505829,0.591467,0.372615,0.789702,1.407750
20260504_003945,""D:\unreal\MooaToon-Engine-5.5_MooaToonProject\MooaToon-Engine-5.5_MooaToonProject\testcv\images\81389736a7e7a5066fa7fd4bbdbe78b6.jpg"",0.440808,0.470940,0.543890,0.234644,0.607325,1.007315
20260505_114121,""D:\unreal\MooaToon-Engine-5.5_MooaToonProject\MooaToon-Engine-5.5_MooaToonProject\testcv\images\00a208c9976d65d503c318935e4d0e13.jpeg"",0.373017,0.184889,0.175403,0.281325,0.520042,1.266548
20260505_114200,""D:\unreal\MooaToon-Engine-5.5_MooaToonProject\MooaToon-Engine-5.5_MooaToonProject\testcv\images\0d5f1e76db36609eeef00a59f0f350e0.jpg"",0.249706,0.184889,0.145366,0.355627,0.339818,1.084743
20260505_114336,""D:\unreal\MooaToon-Engine-5.5_MooaToonProject\MooaToon-Engine-5.5_MooaToonProject\testcv\images\5bcc45fcb985d2cb8567437665d20d4b_720.jpg"",0.557984,0.542175,0.674972,0.338237,0.505814,0.867367
20260505_114411,""D:\unreal\MooaToon-Engine-5.5_MooaToonProject\MooaToon-Engine-5.5_MooaToonProject\testcv\images\23e64ebf55bb3d7b966a9b6d6efb3ffb.jpg"",0.700266,0.690781,0.542175,0.371437,0.052092,1.223073
20260505_114450,""D:\unreal\MooaToon-Engine-5.5_MooaToonProject\MooaToon-Engine-5.5_MooaToonProject\testcv\images\26ac8bd9bb8ea4a82cf88e918d5e05fd_720.jpg"",0.523204,0.508976,0.374598,0.624383,0.542175,1.393021
20260505_115604,""D:\unreal\MooaToon-Engine-5.5_MooaToonProject\MooaToon-Engine-5.5_MooaToonProject\testcv\images\77e664811dd0539966da6a0701b71ddd.jpeg"",0.459968,0.333495,0.271839,0.301876,0.388826,1.144027
20260505_115631,""D:\unreal\MooaToon-Engine-5.5_MooaToonProject\MooaToon-Engine-5.5_MooaToonProject\testcv\images\77e664811dd0539966da6a0701b71ddd.jpeg"",0.428349,0.312943,0.184889,0.241802,0.644934,1.788249
20260505_115707,""D:\unreal\MooaToon-Engine-5.5_MooaToonProject\MooaToon-Engine-5.5_MooaToonProject\testcv\images\653a76957378473fc065c1814ec38add.jpg"",0.428349,0.531109,0.651258,0.256030,0.915271,0.958270
20260505_115751,""D:\unreal\MooaToon-Engine-5.5_MooaToonProject\MooaToon-Engine-5.5_MooaToonProject\testcv\images\673e5725de2a9166ce3bdbec219a244f_720.jpg"",0.537432,0.305038,0.350885,0.158013,0.477358,1.444400
20260505_115828,""D:\unreal\MooaToon-Engine-5.5_MooaToonProject\MooaToon-Engine-5.5_MooaToonProject\testcv\images\5435be319f3ce2bd5af8300df114be13_720.jpg"",0.349304,0.218088,0.224412,0.139042,0.352466,1.219120
20260505_115920,""D:\unreal\MooaToon-Engine-5.5_MooaToonProject\MooaToon-Engine-5.5_MooaToonProject\testcv\images\6394c5eb54e479a6d995f706321afee0.png"",0.314524,0.211764,0.175403,0.056835,0.047349,1.800106
20260505_120044,""D:\unreal\MooaToon-Engine-5.5_MooaToonProject\MooaToon-Engine-5.5_MooaToonProject\testcv\images\9285ffa2733dcb81946dda63c3d97733_720.jpg"",0.431511,0.276582,0.107424,0.420445,0.357208,1.408830
20260505_120119,""D:\unreal\MooaToon-Engine-5.5_MooaToonProject\MooaToon-Engine-5.5_MooaToonProject\testcv\images\85496f9582b797d13da984ce0932359e_720.jpg"",0.594345,0.320847,0.472615,0.401474,0.708171,1.045220
20260505_120206,""D:\unreal\MooaToon-Engine-5.5_MooaToonProject\MooaToon-Engine-5.5_MooaToonProject\testcv\images\50311673302a1a13f124e19d36026e5b_720.png"",0.214926,0.475777,0.398312,0.148528,0.839387,0.966174
20260505_120338,""D:\unreal\MooaToon-Engine-5.5_MooaToonProject\MooaToon-Engine-5.5_MooaToonProject\testcv\images\a011a7ca57ce0b6a5c46e82495304317_720.jpg"",0.447320,0.297134,0.344561,0.175403,0.539013,0.966174
20260505_120404,""D:\unreal\MooaToon-Engine-5.5_MooaToonProject\MooaToon-Engine-5.5_MooaToonProject\testcv\images\af965b138dd2eb672f37b5bf21f1839c_720.png"",0.447320,0.286067,0.344561,0.474196,0.524785,1.179598
20260505_120429,""D:\unreal\MooaToon-Engine-5.5_MooaToonProject\MooaToon-Engine-5.5_MooaToonProject\testcv\images\b6c2d225e9d8d2ccc6941e8ec1a3a895_720.jpg"",0.447320,0.286067,0.344561,0.540594,0.885233,1.294214
20260505_120457,""D:\unreal\MooaToon-Engine-5.5_MooaToonProject\MooaToon-Engine-5.5_MooaToonProject\testcv\images\b9bbee62247d0c7514d7a7f3e1ef7558_720.jpg"",0.390407,0.252868,0.295553,0.350885,0.885233,1.242834
20260505_120524,""D:\unreal\MooaToon-Engine-5.5_MooaToonProject\MooaToon-Engine-5.5_MooaToonProject\testcv\images\bf01458e683d9651f1a0db7d04d5609d_720.jpg"",0.448901,0.282906,0.376179,0.118491,0.488424,1.649919
20260505_120606,""D:\unreal\MooaToon-Engine-5.5_MooaToonProject\MooaToon-Engine-5.5_MooaToonProject\testcv\images\ce8fab11618b19a528f09663618ae726.jpg"",0.233897,0.165918,0.244964,0.132719,0.014150,1.009649
20260505_120630,""D:\unreal\MooaToon-Engine-5.5_MooaToonProject\MooaToon-Engine-5.5_MooaToonProject\testcv\images\d4d3cbb14c142a7eef5a81927b7f6491.jpg"",0.431511,0.262353,0.369856,0.022055,0.072644,1.701298
20260505_120703,""D:\unreal\MooaToon-Engine-5.5_MooaToonProject\MooaToon-Engine-5.5_MooaToonProject\testcv\images\eea5a9b6650d740cd95b44d53907cf8d.jpg"",0.156433,0.104262,0.146947,0.256030,0.037864,0.701371
20260505_120733,""D:\unreal\MooaToon-Engine-5.5_MooaToonProject\MooaToon-Engine-5.5_MooaToonProject\testcv\images\e4dd90af1b3c3211dd0a9a5ccef4ac4c_720.jpg"",0.396731,0.235478,0.295553,0.346142,0.497910,0.926651
20260505_120803,""D:\unreal\MooaToon-Engine-5.5_MooaToonProject\MooaToon-Engine-5.5_MooaToonProject\testcv\images\dff45c8b59503f5b8eeb027cb179d4a6_720.jpg"",0.396731,0.377760,0.295553,0.112167,0.059997,1.061029
20260505_120821,""D:\unreal\MooaToon-Engine-5.5_MooaToonProject\MooaToon-Engine-5.5_MooaToonProject\testcv\images\daeda434acc0eaf7268580b314408749.jpg"",0.436254,0.309781,0.368275,0.045768,0.028379,1.665728
